name,abn,acn
ADVISIAN PTY LTD,50098008818,098008818
AECOM AUSTRALIA PTY LTD,20093846925,093846925
ALADTA PTY. LTD.,35169134856,169134856
Allens Linklaters,21001295843,001295843
AQUENTA CONSULTING PTY LTD,15007406840,007406840
ASHURST AUSTRALIA,75304286095,
AURECON AUSTRALASIA PTY LTD,54005139873,005139873
Calcutta Group,68147241487,147241487
Coffey Pty Ltd ,71101116385,101116385
Collaborative ITS Consulting Australia,99153821688,153821688
ConnellGriffen,78162085592,162085592
Crown Project Services Pty Limited,76106401674,106401674
Cressey Property Pty Ltd,92108909155,108909155
Derwent Executive Pty Ltd,17115355112,115355112
DLB Group Pty Ltd,66600537728,600537728
EMGA Mitchell McLennan Pty Ltd,28141736558,141736558
Ramboll Environ Australia Pty Ltd,49095437442,095437442
Ernst & Young,75288172749,288172749
Everything Infrastructure,75121581011,121581011
Exten Pty Ltd ,84098970079,098970079
Ferrovial Agroman,98150820116,150820116
Goober Pty Ltd,38082003067,082003067
GTA Consultants,31131369376,131369376
Henry Davis York ,94516079651,
Impress Design/The Trustee for Iris Works Unit Trust,80883821452,
Infrasol Group,76128188714,128188714
JBS&G Australia Pty Ltd ,62100220479,100220479
Johnson Pilton Walker Pty Ltd,28095778886,095778886
Kathy Jones & Associates Pty Limited,60003687581,003687581
KPMG,51194660183,
Leighton Contractors,98000893667,000893667
Lend Lease Building Pty Ltd,97000098162,000098162
LEK Consulting Pty Ltd,28003780523,003780523
Macquarie Capital,79123199548,123199548
Marstev Pty Ltd,91061919873,061919873
McLachlan Lister Pty Limited,75085532047,085532047
Pacific Environmental Ops,86127101642,127101642
Parsons Brinckerhoff,80078004798,078004798
Rider Levett Bucknall,94003234026,003234026
Shires Tunnel Mine and Civil,99164519742,164519742
Jacobs Group (AUSTRALIA) Pty Ltd,37001024095,001024095
SLR Consulting,29001584612,001584612
SMEC Australia,47065475149,065475149
SR Construction Pty Ltd,33105531557,105531557
The Connolly Partnership,87151015708,151015708
Thelem Consulting ,78134961943,134961943
Thiess,87010221486,010221486